bitrate,latency,frame_drops,buffering_events,viewer_comment,satisfaction
3748.3570765056165,269.9677718293001,29,3,Excellent quality,0
3430.867849414408,246.23168414563844,94,2,Too much lag,0
3823.844269050346,202.9815184960087,74,1,Love this!,1
4261.514928204013,167.6531611147213,98,0,Not smooth,1
3382.923312638332,234.9111656806795,71,4,Love this!,0
3382.9315215254096,219.6742692710875,2,4,Too much lag,0
4289.606407753696,244.7596610013866,13,1,Not smooth,1
3883.717364576454,231.75859008409847,59,3,Too much lag,0
3265.262807032524,252.47763576596677,76,0,Great stream!,0
3771.2800217929826,173.2382394219716,44,4,Too much lag,0
3268.2911535937687,265.8697032817163,95,4,Love this!,0
3267.135123214872,209.87998023461998,33,3,Buffering again,0
3620.981135783017,303.76304363126326,44,1,Too much lag,0
2543.359877671101,165.5406090955216,60,0,Excellent quality,0
2637.541083743484,286.79819015826246,82,1,Buffering again,0
3218.8562353795137,209.8955391731324,15,1,Great stream!,1
2993.584439832788,167.42909981927758,65,0,Not smooth,0
3657.123666297637,175.80570829728393,39,0,Not smooth,1
3045.9879622393946,183.982634590284,16,4,Buffering again,0
2793.8481493323543,221.20829732009582,33,4,Not smooth,0
4232.824384460777,226.14177440177497,15,0,Too much lag,1
3387.111849756732,171.31499980307106,59,2,Buffering again,0
3533.764102343962,198.78227038695087,65,4,Love this!,0
2787.625906893272,307.11351793059316,65,2,Too much lag,0
3227.808637737409,286.3771585050356,89,0,Too much lag,0
3555.461294854933,221.8161834837016,12,4,Too much lag,0
2924.5032112888484,201.90017390841,55,1,Love this!,0
3687.849009172836,206.00156633591305,30,0,Great stream!,1
3199.6806550405977,230.67589863652083,33,3,Excellent quality,0
3354.1531251033616,148.86037174007973,38,2,Not smooth,0
3199.1466938853014,187.13117312883276,66,0,Buffering again,1
4426.139092254469,116.5707963061205,7,0,Great stream!,1
3493.251387631033,219.96115613026396,86,4,Buffering again,0
2971.14453552205,232.35979698513705,77,4,Not smooth,0
3911.2724560515944,175.84067688503131,54,4,Love this!,0
2889.578175014489,278.6993381645016,26,3,Too much lag,0
3604.431797502378,138.71171684988295,92,4,Too much lag,0
2520.164938060112,126.781255989509,52,0,Love this!,0
2835.906975550785,211.2225909279986,38,4,Great stream!,0
3598.4306179345617,252.35491513060774,64,1,Great stream!,0
3869.233289997705,284.1963845728934,16,4,Buffering again,0
3585.6841405949854,177.055786856553,29,3,Love this!,0
3442.1758588058797,253.93404167156478,52,1,Great stream!,0
3349.4481522053557,198.07457652496464,12,0,Love this!,1
2760.7390048162865,191.36863500295902,20,0,Not smooth,0
3140.077895802646,244.1829968743336,18,2,Too much lag,0
3269.6806145201062,232.616143920671,52,1,Too much lag,1
4028.561113109458,121.18039215078753,18,2,Too much lag,0
3671.8091447842307,273.8270174862948,56,1,Love this!,0
2618.479922318633,269.0045677073726,24,1,Love this!,0
3662.0419846973973,168.72186492452352,85,3,Buffering again,0
3307.458859791842,219.79017667187046,30,2,Too much lag,0
3161.5389998470205,224.70150931413693,80,3,Buffering again,0
3805.8381444204338,213.03368829119535,54,1,Too much lag,1
4015.4997612479756,172.484742307729,22,0,Buffering again,1
3965.6400595580994,166.41883160309743,31,1,Buffering again,1
3080.391238388681,198.72229645042773,61,3,Not smooth,0
3345.393812074393,258.63645096296824,73,2,Buffering again,0
3665.631715701782,227.1800077297216,9,2,Love this!,0
3987.7725635611796,181.4692833956947,99,3,Buffering again,0
3260.412881077355,238.58493553241723,71,2,Too much lag,0
3407.1705116680914,57.57286896849622,53,4,Buffering again,0
2946.8325129969858,257.4382850186052,51,0,Great stream!,0
2901.8966879596646,113.01431106109501,19,0,Excellent quality,0
3906.262911197099,181.8779529298434,31,0,Too much lag,1
4178.120014285411,144.0165052686928,13,2,Great stream!,0
3463.994939209833,135.2659262139547,49,2,Too much lag,0
4001.766448946012,258.04133936892595,27,1,Love this!,0
3680.8180125238173,176.61493993440544,52,1,Excellent quality,1
3177.440122697438,217.3251940865358,23,0,Excellent quality,1
3680.697802754207,197.6539710560408,78,4,Love this!,0
4269.018283232985,223.85204136115607,21,1,Excellent quality,1
3482.0869804450244,203.84109455301277,29,1,Love this!,1
4282.321827907003,135.85038879057151,62,2,Great stream!,0
2190.127447955128,249.813340972357,3,4,Not smooth,0
3910.9512521876118,175.31217084193437,76,0,Too much lag,1
3543.5235341190855,122.17090506701244,58,1,Love this!,1
3350.496324767066,178.59424195170436,86,4,Too much lag,0
3545.880388267751,275.03798953171554,7,4,Great stream!,0
2506.2155426995537,242.51108710567465,81,0,Not smooth,0
3390.164056081244,182.56739327960705,11,4,Great stream!,0
3678.5562857558734,182.53711478407857,30,4,Excellent quality,0
4238.947022370758,183.91824743913088,77,4,Too much lag,0
3240.8648908631762,303.83739917804206,33,1,Not smooth,0
3095.753198553406,219.09677261157768,81,0,Excellent quality,1
3249.121478207732,221.50208235955347,97,4,Not smooth,0
3957.701058851037,251.51417270159212,74,4,Excellent quality,0
3664.3755548298423,211.93945795132566,75,1,Great stream!,1
3235.1198981164807,187.04789270896484,48,0,Love this!,1
3756.633716556678,190.1825075457511,78,2,Too much lag,0
3548.5387746740203,196.4199370292968,56,1,Buffering again,1
3984.3224952664445,198.1388881745079,94,0,Buffering again,1
3148.9734530613237,236.381477181849,92,4,Great stream!,0
3336.168926701116,202.59729429036497,25,0,Too much lag,1
3303.945923433921,236.63200386077895,17,0,Too much lag,1
2768.2425259339407,195.96417099457088,95,0,Great stream!,0
3648.060138532288,203.93175951580454,85,2,Too much lag,0
3630.5276360899447,100.08996577339462,37,0,Love this!,1
3502.5567283212304,245.81638373512408,80,2,Great stream!,0
3382.7064333124263,217.32442379489964,86,4,Love this!,0
2792.314628974793,249.9005054929826,87,2,Too much lag,0
3289.6773386173204,55.187231090315535,49,4,Great stream!,0
3328.6427417366153,304.4187352390364,7,4,Too much lag,0
3098.8613653891907,193.0205185922413,40,2,Great stream!,0
3419.3571441669956,255.40914083687582,5,1,Too much lag,0
3702.0254284072694,148.00470364372345,68,3,Love this!,0
4443.092950605265,230.63869525312847,43,0,Love this!,1
3587.2889064159194,147.3292218413172,63,3,Too much lag,0
3628.775195361382,168.81155196520973,28,0,Great stream!,1
3462.7770421169166,295.7015676933393,27,0,Buffering again,0
2540.614392350479,190.46587996183268,10,4,Love this!,0
3486.7430622753914,210.87164365898613,64,0,Love this!,1
3530.115104970513,243.50338653443768,18,0,Excellent quality,1
4731.621056242643,224.78409439863023,8,2,Buffering again,0
3403.8195176094387,207.52094525717882,26,3,Too much lag,0
3650.7736711668063,218.24805012331126,33,2,Great stream!,0
3482.644115147378,320.17077926191376,43,0,Excellent quality,0
2915.660981190234,197.11906014832073,67,4,Too much lag,0
4071.4114072575103,210.05495233574837,99,2,Not smooth,0
3875.966516343387,252.5327198003806,81,2,Love this!,0
3895.5159735215234,255.2762966478992,14,1,Not smooth,0
3045.3062726026305,259.351515278019,50,0,Love this!,0
4201.397155468049,231.93651110145922,12,4,Love this!,0
2799.0744686038597,142.84975436347582,82,2,Not smooth,0
3793.428546900135,281.6715766150548,48,2,Not smooth,0
4595.227812904989,142.6827303490656,69,4,Too much lag,0
3004.731837434656,215.13177326195165,55,0,Excellent quality,1
3216.851135198614,162.28620749903212,75,1,Excellent quality,1
3549.8256825438207,196.79308267035037,50,2,Not smooth,0
3248.2621729419,216.43812051517403,36,1,Too much lag,1
2724.6682844669335,216.06786077251365,16,3,Excellent quality,0
3534.2814874030137,221.09603771176424,57,0,Too much lag,1
2968.848143136948,280.68556345293234,86,3,Too much lag,0
3736.796215317591,222.67671507569898,89,3,Love this!,0
3040.2878828830985,187.79216823546756,28,3,Excellent quality,0
4274.96720250877,248.20435841441787,32,0,Excellent quality,1
3108.3733538318816,259.47352444623203,59,0,Love this!,0
3338.969241897162,138.61960924315036,90,4,Not smooth,0
3906.758608684835,229.8700034924929,88,1,Love this!,1
2884.5678417830222,235.0586371155449,54,1,Excellent quality,0
3613.729967302065,185.1218248320004,9,4,Excellent quality,0
4153.571377141214,268.785340665581,46,4,Not smooth,0
2696.258382719386,192.49722064837366,22,3,Love this!,0
3592.3169292661523,206.27882267357714,84,4,Great stream!,0
3629.9413971242116,191.34640878580652,20,2,Great stream!,0
3890.911435888655,200.7789523790734,12,1,Not smooth,1
2881.524644560959,145.1862456552399,32,4,Love this!,0
2839.771693457862,127.99745587028528,23,2,Love this!,0
3760.970782808449,279.7252531612486,10,2,Too much lag,0
3648.492336616593,157.6519325840836,16,2,Excellent quality,0
3625.2464251729384,150.43038252718463,67,2,Buffering again,0
3673.224104748488,92.33049431981426,46,3,Not smooth,0
3159.9876392107544,168.05191261552488,24,2,Buffering again,0
3616.1268485805017,133.84551032962509,93,3,Buffering again,0
3646.5362366493405,282.10075800681847,72,3,Not smooth,0
3142.824290986816,250.4908544671317,20,2,Love this!,0
4432.887255572378,165.5924827411138,83,1,Not smooth,1
3736.9164604558937,312.62179026721543,82,2,Buffering again,0
2904.3482513986755,249.0882743495797,82,2,Excellent quality,0
3828.276804316915,183.75843082456888,11,2,Excellent quality,0
3012.659164886339,75.02971425632137,36,1,Excellent quality,1
3893.542301871226,314.54712862953704,41,0,Love this!,0
4079.297789503702,130.5213766618202,16,0,Great stream!,1
3089.6588408241446,117.73006265215541,47,3,Not smooth,0
3981.6880646221607,251.128521600482,27,3,Excellent quality,0
3706.390463468249,321.9876203169636,40,1,Not smooth,0
3911.030079997245,269.2136409255259,98,4,Excellent quality,0
4448.396491326974,228.195456002618,46,0,Love this!,1
3377.305941998565,229.7377170832643,17,3,Great stream!,0
3123.1319178212552,242.67077793901538,77,0,Great stream!,1
3055.2427851872385,237.94642948933824,98,1,Excellent quality,1
3092.094857517281,214.0595711984688,70,1,Love this!,1
3461.449145292948,205.21005519759382,12,4,Too much lag,0
3670.575987408322,196.8703436050239,81,4,Not smooth,0
3638.3453996650096,162.30177055666618,12,1,Not smooth,1
3913.591624518012,185.9662461566613,99,3,Buffering again,0
3506.5009459389535,115.35215929023073,30,0,Love this!,1
4226.767038578659,195.0830186602625,1,2,Buffering again,0
3367.671583381022,150.57044464245413,15,4,Excellent quality,0
4860.08458329481,144.82053413921145,8,2,Buffering again,0
3812.8336738825033,208.99470755767393,72,3,Great stream!,0
3071.421221791859,269.60011431722995,37,4,Not smooth,0
2964.5537509694436,245.91583030011566,74,2,Buffering again,0
3741.2362076215927,121.47496981884113,53,3,Great stream!,0
3388.2686073370746,150.51859317148313,55,0,Love this!,1
3857.000247046046,247.0385593994108,85,3,Buffering again,0
3736.6188122867725,150.87563032308452,96,4,Excellent quality,0
3463.5855436715638,188.76834250014878,99,1,Excellent quality,1
3076.6031409657976,227.5026049512276,86,0,Excellent quality,1
2742.5763876570677,151.58277725681825,44,2,Not smooth,0
3276.7425239664894,205.268775307298,33,4,Buffering again,0
3928.199397161736,133.2987252540898,8,1,Love this!,1
3607.046872065102,169.93161780243932,87,3,Buffering again,0
2877.130610644006,215.98909670712686,7,1,Not smooth,0
3586.590462925591,120.35031332341653,6,4,Great stream!,0
3692.658689864418,222.02373689801996,35,4,Not smooth,0
3058.0712818994334,199.01811005366594,17,1,Excellent quality,1
3576.8625529727638,227.6244977208574,2,3,Great stream!,0
3529.104359223,211.19570670323307,27,1,Excellent quality,1
2928.5148510846884,268.2070214986922,69,4,Too much lag,0
3678.8936801741415,206.26122513239537,43,4,Not smooth,0
3780.3922631841174,178.52972294373734,20,2,Not smooth,0
4041.5256215876384,206.1148751516142,27,2,Love this!,0
4026.9010260174514,227.16490145181942,53,0,Buffering again,1
2811.1653160214546,202.44300351628522,53,4,Great stream!,0
3031.0874800424385,202.0295845601941,64,2,Great stream!,0
3757.51763360433,164.90041560966222,99,1,Love this!,1
3756.8929754561045,166.85495412245257,20,3,Love this!,0
3757.523843153024,129.86973641001532,98,1,Buffering again,1
5426.36574532736,287.478837159347,12,3,Excellent quality,0
3785.4452553465835,137.80683823043574,56,2,Buffering again,0
4067.7828200902995,165.35474011020463,48,0,Not smooth,1
3977.000881746601,164.07963672154014,53,1,Excellent quality,1
3825.695625652899,244.74621884722205,9,1,Too much lag,1
3342.3653776798274,185.2525160853986,52,1,Buffering again,1
3879.4846102466336,262.3871036336867,43,3,Love this!,0
3113.587392731214,166.32546878780659,46,2,Excellent quality,0
3381.5906966299954,213.9497081111901,52,1,Buffering again,1
3257.3182260854483,158.23264733701214,73,1,Great stream!,1
3540.9370696931614,307.2574563886694,45,0,Too much lag,0
4657.329283336754,140.62007904852436,12,0,Not smooth,1
2566.367403704126,215.49103551135138,36,2,Great stream!,0
3843.1300951872568,231.6888440466049,23,2,Great stream!,0
2693.642064405174,220.6899548725749,1,4,Too much lag,0
3264.034067105283,190.7356170561146,85,0,Not smooth,1
4044.475298483683,193.5089650133287,80,4,Love this!,0
3532.1400095477316,202.19057359895547,99,3,Excellent quality,0
2961.127611035347,192.64989991857556,13,4,Not smooth,0
3142.348145370016,248.19395583974548,9,1,Buffering again,1
3839.798874467338,310.52615007956757,34,4,Great stream!,0
3134.816684141432,172.1254107496083,24,2,Buffering again,0
3608.2292947909873,131.5098510210461,2,3,Love this!,0
3522.785919951907,195.58589758243727,16,1,Buffering again,1
3174.1998261970916,328.9854668827159,11,4,Not smooth,0
4571.9720446626625,159.81627160151345,53,3,Buffering again,0
3816.9595111590056,281.9558402722034,23,3,Love this!,0
2487.4287066711963,283.885040703822,28,1,Love this!,0
3593.227157384714,172.32058791460028,42,4,Love this!,0
3169.106767615806,228.44915395926375,24,3,Not smooth,0
3926.216667398112,281.4198311564269,99,3,Love this!,0
3103.73963078365,181.04361295062566,59,0,Great stream!,1
3442.6317792665504,189.82098199488192,89,3,Love this!,0
3752.4936394902284,170.91595430256783,64,0,Buffering again,1
3932.8775970850606,149.26216346535665,83,4,Excellent quality,0
2899.851796472112,167.53612274669965,27,4,Buffering again,0
3332.7493820795257,138.80298666188716,15,4,Excellent quality,0
3262.527344419522,201.7041734129613,46,2,Buffering again,0
3173.335383713144,161.50133844706792,80,4,Not smooth,0
4382.727120140548,211.68929558953738,91,3,Buffering again,0
3702.490855480478,122.20521768981864,57,1,Not smooth,1
2869.5580228324775,216.54401161072286,75,0,Not smooth,0
3958.9309735273882,241.67644808044622,26,2,Love this!,0
4561.078098506317,100.31321787142723,52,4,Great stream!,0
4016.2326302755732,218.70282849237861,41,4,Excellent quality,0
2740.3150170229933,261.3834496236646,58,1,Love this!,0
3257.8829635668744,139.51794906543972,46,1,Love this!,1
4133.455574593311,283.62861934188516,93,2,Not smooth,0
3146.1652671906095,220.95095046830227,33,0,Not smooth,1
3721.909714073114,164.74940721207955,36,4,Excellent quality,0
3887.3170267146684,197.2115461171147,5,2,Buffering again,0
3036.5347642109587,227.91634562608613,6,3,Buffering again,0
3470.2373219691,203.80026957062057,95,3,Love this!,0
1879.3663299654638,226.93779962231847,95,2,Too much lag,0
2987.806179332855,153.9663203460317,24,4,Too much lag,0
3373.71592430342,208.4680412018039,32,2,Buffering again,0
2876.1084090175755,129.314275154751,54,4,Too much lag,0
4316.205651965817,194.438696932565,57,1,Buffering again,1
2784.9293110196836,154.8046179267605,6,2,Not smooth,0
3279.977756651508,163.22350287051168,56,4,Love this!,0
3565.3702886430456,261.8046587605219,11,2,Great stream!,0
4220.636644533058,254.56550602971345,15,2,Love this!,0
2782.0689244102805,230.45690604535886,79,4,Buffering again,0
4081.5818760774796,145.38436176637106,42,4,Buffering again,0
3505.1165305097934,184.1795775152599,99,0,Love this!,1
3009.2456744760248,260.6548849989592,76,2,Excellent quality,0
3731.0517371316355,207.08584568199524,6,3,Buffering again,0
3599.529847786735,315.9664769990847,99,2,Too much lag,0
3199.8915614206026,219.6658919697186,50,2,Too much lag,0
3534.9010424950093,209.6024558245016,72,4,Buffering again,0
3307.34320156912,184.54417678987494,31,2,Buffering again,0
3556.758672625624,206.6770452391141,74,2,Excellent quality,0
3831.0653372605234,192.37650818097282,7,3,Too much lag,0
4293.008408072676,235.40543383442952,96,4,Buffering again,0
2881.0922505865756,247.8351158397292,86,2,Buffering again,0
4566.516687328133,160.70052697460252,88,1,Excellent quality,1
2523.956100238749,133.4383523221111,71,0,Excellent quality,0
3424.1074524822084,108.18973134483517,44,3,Love this!,0
3794.158603242288,225.3995663456272,85,2,Excellent quality,0
3640.495933867516,144.83166969130633,58,1,Great stream!,1
3188.650240089703,92.35547035237586,3,2,Too much lag,0
3395.9388748213623,219.4289302265482,66,2,Love this!,0
3253.4995326705834,324.6499758716395,28,4,Great stream!,0
3205.317621527894,199.69645442300532,28,4,Buffering again,0
3924.8010485105124,241.9245387225821,97,4,Buffering again,0
3678.5077429825237,204.09146792737826,97,1,Love this!,1
3153.545202369673,195.05551734044286,27,2,Excellent quality,0
3949.799937716625,245.95382414938842,76,0,Buffering again,1
3653.649760438305,185.48627279056743,78,3,Not smooth,0
3906.43105941948,213.36961570359514,86,4,Love this!,0
3814.8144209618063,216.08489030980067,43,4,Great stream!,0
3085.5024945389637,166.59547731784755,89,2,Love this!,0
3219.909479901515,249.60211747682615,3,2,Too much lag,0
3873.646802561631,191.25201216522956,89,1,Excellent quality,1
3805.1851327167324,162.21274202535776,8,1,Excellent quality,1
3489.5492030179257,226.82549217852016,4,4,Love this!,0
3558.663691654391,155.07660091044815,55,2,Buffering again,0
4138.832447894212,201.40905786845642,95,0,Buffering again,1
3204.214305582085,199.54405016778983,83,3,Not smooth,0
3773.548690585019,254.2947782915789,49,2,Not smooth,0
3398.903673783053,223.73491164399763,74,2,Excellent quality,0
3391.15939838639,198.7486520627428,14,1,Not smooth,1
4049.3884259935953,240.88831496001436,31,3,Great stream!,0
3912.708174494015,269.5103774508657,27,4,Not smooth,0
3906.754818000319,227.8905153175931,21,2,Great stream!,0
4152.739403577165,200.51763099216902,16,4,Not smooth,0
3510.5019208163794,134.40818838249203,58,2,Excellent quality,0
3840.976485647482,146.74431684623136,89,4,Excellent quality,0
3344.866621703272,184.73876478226663,70,3,Great stream!,0
3662.0831762442212,169.52438989203586,56,1,Love this!,1
3434.928472816158,190.6514348507277,25,3,Excellent quality,0
3548.497982496359,202.83249624485535,24,0,Love this!,1
3797.5785127184568,226.48463771783653,9,1,Buffering again,1
3090.889658383264,196.47506109704543,44,3,Great stream!,0
4546.19363784273,224.3250821913101,82,0,Excellent quality,1
2996.991309250149,203.22372074050602,10,2,Too much lag,0
2892.905693606134,101.22667168230643,76,2,Buffering again,0
4079.055436750034,153.03323030906228,52,4,Love this!,0
3895.831346981468,192.79562221391922,71,1,Excellent quality,1
3812.0599085260774,139.51526285794463,67,2,Great stream!,0
3814.17275463214,229.99643649981022,94,1,Not smooth,1
3493.8766135765427,276.53754161718484,27,2,Too much lag,0
3051.3728142570844,260.93809258486584,74,4,Love this!,0
3537.9022790968634,189.3278564534896,64,3,Buffering again,0
3161.419144243944,274.5363068424976,48,4,Great stream!,0
3987.5598667088757,207.43337286010558,46,0,Too much lag,1
3426.4713092489305,183.14570144409802,51,2,Great stream!,0
3087.2514016037444,169.32986682295302,87,0,Excellent quality,1
3339.307079173503,184.8765156755936,53,0,Not smooth,1
3706.4657271378123,180.59115907293855,59,1,Buffering again,1
3218.1377235980126,208.5208111187744,56,2,Great stream!,0
3088.889802216784,208.02869905249324,46,0,Love this!,1
3621.843605745956,200.15230100767073,30,3,Excellent quality,0
3622.4832855543614,221.8469084873175,45,0,Excellent quality,1
3246.528412314435,259.5323137393171,25,3,Buffering again,0
3264.4808471908386,247.4777067720662,4,1,Excellent quality,1
3616.0249686788184,125.75510157750483,83,0,Love this!,1
2775.957829251338,72.30394325490226,51,4,Great stream!,0
2796.2681128117224,246.7159955619637,74,1,Buffering again,0
3140.777889373782,131.65606507922894,53,3,Excellent quality,0
3393.2764241440764,188.76172990536583,32,1,Excellent quality,1
3655.4537827990025,141.49434869703202,49,0,Love this!,1
4237.678108474776,109.90097812099901,37,2,Not smooth,0
3928.8298116010096,227.0731364102394,26,2,Not smooth,0
3420.0307350182866,237.95775801513236,97,3,Excellent quality,0
3490.4918960486557,171.17447996366403,14,3,Great stream!,0
2998.7353176810957,70.4478853927545,95,2,Buffering again,0
3490.743432003805,172.68777758737588,60,3,Excellent quality,0
3355.6706805399313,219.59020027012733,20,1,Too much lag,1
3661.3592801690447,126.05442156129357,45,4,Buffering again,0
3086.3845282238385,209.16799598895778,68,4,Not smooth,0
3759.673257120586,199.2345075413502,5,1,Excellent quality,1
4266.369456501289,228.9645749800544,37,4,Love this!,0
3445.619925771571,205.97901842070766,61,0,Too much lag,1
3700.8558610494706,151.34655295592222,85,1,Excellent quality,1
3845.0719958555565,259.82857508322456,61,3,Great stream!,0
3299.3897640570817,192.0735213486515,81,1,Too much lag,1
3612.0462409052084,198.6347730245034,77,2,Excellent quality,0
3506.2962003908974,153.3366020463402,73,3,Great stream!,0
3548.838049274416,177.83588744042447,45,2,Too much lag,0
3113.4951080722667,155.75986429865495,12,3,Great stream!,0
3512.255087129471,191.35269700382884,94,4,Great stream!,0
3748.999145622725,285.5854240071172,93,1,Too much lag,0
4225.571803897521,131.40494285343217,2,0,Too much lag,1
3979.6354130426034,119.32193010616294,93,3,Great stream!,0
4576.5912287557785,273.55851637468044,5,3,Not smooth,0
3116.326218555975,189.5338161424067,92,2,Too much lag,0
3936.1603183603393,166.54636306700417,7,4,Excellent quality,0
3591.671002869176,251.99523436980382,43,2,Buffering again,0
4594.901466608836,169.7192230131568,32,2,Love this!,0
3095.8508573224244,291.3004856773468,80,4,Great stream!,0
3080.139078909612,233.89629356696346,74,0,Great stream!,1
3200.3036772779888,175.60442959271487,76,2,Love this!,0
2438.0521378450967,307.86541066327516,49,2,Not smooth,0
3237.1224891596194,169.71425384983309,10,3,Love this!,0
3120.433669223151,237.10476860046535,94,4,Too much lag,0
3575.1968932381037,214.9646290203246,27,1,Love this!,1
3670.87798788858,265.0870644699399,69,0,Great stream!,0
4438.085419607944,278.0755598363426,40,0,Love this!,0
3975.2119190930252,201.60020745328833,15,4,Buffering again,0
3211.5481721687984,162.32910648269083,67,3,Excellent quality,0
3050.792664325821,222.99860714695583,98,3,Too much lag,0
3745.9595857532527,166.1142315123947,47,4,Love this!,0
2839.883396489679,300.66936237633115,55,3,Great stream!,0
4415.729382927177,206.82676655413687,63,0,Excellent quality,1
4089.7200603606434,181.73392243439457,58,0,Too much lag,1
3265.4121739476477,209.23401529324542,89,1,Great stream!,1
2643.432735454561,132.6436855235152,61,4,Not smooth,0
4176.936187082707,151.41929807446743,75,2,Buffering again,0
3442.730077373691,260.0206953972213,10,2,Not smooth,0
4118.908155986731,167.1552860514302,88,1,Buffering again,1
2702.7861706028166,147.65445086590302,17,1,Love this!,0
3200.3124885231136,226.83263762636432,18,3,Too much lag,0
3502.6218498590915,259.28520773314983,86,1,Love this!,0
3523.4902968823712,235.94766553325334,54,1,Buffering again,1
3274.967264260378,249.80238429029083,81,2,Buffering again,0
3811.4249661737495,162.16024557152696,25,3,Buffering again,0
2966.189785308703,128.90946666290782,5,1,Excellent quality,0
3428.8102574893533,275.06668259777433,3,1,Great stream!,0
3560.1478158559494,183.86600805789323,28,3,Too much lag,0
3757.2194170293747,187.45834917724764,58,4,Love this!,0
3855.807439044445,266.4097070924529,97,3,Love this!,0
2937.6789540810655,227.811500470033,16,2,Not smooth,0
2732.942914632189,222.79438860408038,42,4,Buffering again,0
4138.8384109492545,308.2501172450542,79,0,Buffering again,0
3666.157005989796,167.82408848099286,65,3,Buffering again,0
3125.756731721723,246.39200640406185,33,2,Love this!,0
4275.575987761262,202.85065624485424,7,4,Not smooth,0
3557.8373171464295,213.42961394316288,12,3,Great stream!,0
4089.6485920319133,276.4234213206266,7,1,Excellent quality,0
3533.7592407050543,225.39178781448118,93,3,Too much lag,0
4530.373962440994,226.91480395248163,95,0,Great stream!,1
4377.670421221602,253.62536686549012,99,3,Love this!,0
3375.517925760463,181.75236352285575,93,4,Excellent quality,0
3985.785475477178,158.0395166330497,64,4,Excellent quality,0
3822.6879747925736,147.7595402989483,42,3,Excellent quality,0
4184.315778766174,101.68217053119992,38,4,Buffering again,0
3017.5382697099476,302.81035649701613,80,1,Too much lag,0
3843.0257299992195,144.83958171391583,58,3,Love this!,0
4029.212243424794,188.9373188207114,83,1,Love this!,1
2620.6302567884427,186.15933500555397,87,1,Excellent quality,0
2908.3707436671125,215.37033489045504,85,2,Love this!,0
2480.3839111199495,240.78686062696482,92,3,Too much lag,0
3365.296582777721,243.02367441798728,85,4,Too much lag,0
3858.771127897981,170.84612807155307,43,1,Not smooth,1
4251.178526048014,191.64391431067943,8,2,Not smooth,0
3537.0473902098875,214.12899752441498,36,3,Great stream!,0
4314.307772785646,187.56544369082263,73,3,Too much lag,0
2809.9492708925545,280.36727880099966,35,0,Too much lag,0
2648.3087803224225,224.54874758191258,91,0,Too much lag,0
3472.226150551691,236.74388930249089,27,1,Not smooth,1
3692.0327244696537,233.14406343337063,41,0,Excellent quality,1
3483.6526259529533,258.67369287426624,42,1,Excellent quality,0
2466.2789499800615,209.05107793518536,84,4,Love this!,0
3455.439980243606,135.15840260220767,87,1,Excellent quality,1
2847.7652497475733,219.9843975876321,41,0,Buffering again,0
3834.836274415019,167.43215531040855,65,4,Not smooth,0
3683.299123048424,173.56916591251215,54,0,Too much lag,1
3030.0601068363226,229.31820093775465,71,1,Excellent quality,1
3243.0665413316533,261.91415357168177,47,2,Not smooth,0
2970.393239055524,201.0635788368031,90,3,Excellent quality,0
3468.6604513634143,215.44165062994819,21,0,Great stream!,1
3977.571160250619,285.1107472317619,26,1,Too much lag,0
3007.1369768322284,212.0376589744284,92,4,Great stream!,0
3752.023257758922,330.08415570901974,66,0,Too much lag,0
3234.87119081378,228.2754822815772,12,0,Not smooth,1
3103.563583868828,111.96186204220912,44,3,Love this!,0
3446.484820022721,237.66708105522662,9,1,Excellent quality,1
2982.378838790313,219.0579192441389,99,2,Excellent quality,0
3223.175347326409,264.4876377041373,8,4,Buffering again,0
2901.061053705576,233.65906756349793,53,1,Great stream!,0
4482.362566458195,193.0772008008113,26,4,Excellent quality,0
3517.6317759858644,138.78508818553172,33,0,Not smooth,1
3150.1372460037073,189.54883713569873,0,3,Love this!,0
3606.989955367111,157.47397728953501,31,3,Not smooth,0
3443.8359751545854,170.97382750976385,88,2,Great stream!,0
3389.515200233389,229.42892022103047,92,3,Buffering again,0
3807.0833500217127,283.4952252175703,70,0,Excellent quality,0
3878.7538550236527,219.73357649114905,66,2,Not smooth,0
3234.7494261947363,140.2058468982408,83,1,Too much lag,1
3212.09087967766,222.23013341100705,19,3,Love this!,0
3362.474151424178,259.83157433228257,93,2,Not smooth,0
2349.0394176322075,169.5108547840309,34,0,Love this!,0
2742.404468900724,193.2991416663541,98,4,Excellent quality,0
4183.437133722262,200.73440973645987,90,4,Too much lag,0
4322.483856750642,160.755084345888,89,0,Buffering again,1
3375.4819802218108,232.41402169219296,77,0,Buffering again,1
3788.2784815278833,193.9525925696109,16,4,Too much lag,0
3655.625077271768,220.97662219535138,17,2,Love this!,0
5039.440404227619,155.625391109895,44,4,Excellent quality,0
4059.7874557172886,178.1270849838295,92,0,Not smooth,1
3436.0412042596167,236.11906789138857,83,3,Too much lag,0
3022.2297796997873,181.35834239541165,52,1,Great stream!,1
2696.7768398712137,286.34819256167026,90,3,Love this!,0
3601.7318179336116,180.01819071926988,81,3,Buffering again,0
3121.8246273578484,211.23423628759429,67,0,Too much lag,1
2788.873145201163,246.6295415936545,64,4,Buffering again,0
3176.7135578787365,129.08171335334842,0,2,Love this!,0
2959.2259981928023,111.95955940096121,57,3,Buffering again,0
4343.570817536282,123.71718427149526,25,4,Too much lag,0
3940.819878474725,263.1292051713591,19,2,Love this!,0
3496.0136793416914,172.40709270537766,86,3,Great stream!,0
4239.972069445013,327.9099642834126,9,2,Too much lag,0
3538.684153823809,171.78762006713058,58,4,Not smooth,0
3069.3578993358683,209.22756515985185,74,1,Excellent quality,1
4261.562038634828,277.1054976283938,40,4,Too much lag,0
3769.455021842329,300.3046444079561,4,0,Love this!,0
2981.376922836772,303.07517883181987,64,2,Excellent quality,0
3404.830660958196,260.4183115296571,16,1,Too much lag,0
3062.190873307621,251.20312629057312,21,2,Great stream!,0
2808.600134517832,229.62634746005915,97,2,Great stream!,0
3963.088773765821,238.91805380833188,40,3,Not smooth,0
4454.708320235065,172.44071418357333,92,0,Buffering again,1
2800.7162130904294,159.09005582888463,67,2,Excellent quality,0
3781.4846183452855,199.8312771294524,68,4,Love this!,0
3174.6787154390863,191.49076887375358,10,4,Love this!,0
3256.437308117652,177.33859753363623,55,3,Buffering again,0
3203.8030378805656,234.81937237283577,50,0,Great stream!,1
3068.004615160092,247.76526042852555,20,0,Great stream!,1
3524.2608139724134,204.42034431459237,98,4,Too much lag,0
3084.524941794481,273.8765040527631,75,1,Not smooth,0
3635.2284128899196,142.91554429332476,25,3,Excellent quality,0
3474.8809452754317,190.31702703601408,18,3,Not smooth,0
3380.525976566795,164.15888396985974,59,4,Not smooth,0
3046.218168979201,106.673169146347,70,4,Too much lag,0
3211.6143347158336,195.86596570786503,46,1,Not smooth,1
3877.695612912878,193.91262458083582,70,1,Buffering again,1
3750.4585938121904,275.67248716210656,25,0,Too much lag,0
3011.2223776007245,231.5405842277389,39,3,Buffering again,0
3549.666152714613,148.79065878353975,4,3,Too much lag,0
3875.6935616858946,292.70462831670943,20,4,Not smooth,0
2665.2973594393143,261.0516847762676,77,0,Buffering again,0
3771.6800961899676,229.1048851734308,3,3,Buffering again,0
3168.6881205270765,188.6757950575084,22,0,Buffering again,1
3785.2993342965797,152.028038163826,83,0,Too much lag,1
3118.3704217287413,181.38966119644735,14,4,Love this!,0
2597.5589496677403,254.4374309852093,92,0,Not smooth,0
2686.2287810584185,294.2293152967304,7,1,Buffering again,0
3524.042473330691,277.1621764136094,40,1,Excellent quality,0
3629.8612508607407,175.5575289106863,18,2,Love this!,0
3047.8416874477957,144.01912833554945,45,4,Excellent quality,0
3819.296229388687,207.0443123455602,27,2,Not smooth,0
2669.23996886552,111.57803172185741,90,1,Not smooth,0
3466.960100676342,216.15838570923907,67,2,Buffering again,0
2894.491900118772,192.61987068506656,14,4,Buffering again,0
3174.0819460989205,176.6981749065879,98,4,Too much lag,0
3523.699335658207,120.26484663666022,36,0,Love this!,1
3069.7933173580236,225.68000532848583,0,3,Love this!,0
3307.7222278850872,173.36495801690444,66,0,Buffering again,1
4003.14640460722,141.50415821448559,23,4,Not smooth,0
3211.5540652384257,56.38688933591753,26,1,Buffering again,1
3917.8460560325707,198.6242547474682,39,1,Not smooth,1
2935.146572671191,288.6125798334872,62,0,Not smooth,0
3764.9020889576414,283.0629607273935,60,4,Buffering again,0
4220.784310328951,177.1451871706864,35,1,Great stream!,1
2264.177749936355,169.88939698191098,97,4,Love this!,0
3101.5523722647617,223.4387128037512,92,1,Excellent quality,1
3788.53606359027,150.08072804058543,23,4,Not smooth,0
3398.4773069785037,215.0895949909733,23,2,Not smooth,0
3685.5729366856544,238.3040139192345,3,4,Great stream!,0
3198.00740664209,261.34666119421536,66,4,Excellent quality,0
3543.29489373645,194.99229617600236,33,0,Too much lag,1
3422.16138230396,189.8163124911517,56,2,Great stream!,0
4083.8910308299037,156.10087066217196,48,3,Excellent quality,0
3627.2104216506063,158.655982298007,86,0,Great stream!,1
3668.801331037601,188.67605540492366,52,3,Not smooth,0
3294.061516938766,218.3682753408089,22,1,Love this!,1
3256.1968879637534,245.67923131166248,68,3,Great stream!,0
3283.7209060901896,159.84105246598276,94,4,Too much lag,0
3697.2260711891486,274.63442844797606,52,3,Buffering again,0
3289.5077595898683,186.44381994787156,61,0,Excellent quality,1
3644.8874284482063,198.93163528257818,40,0,Great stream!,1
4537.700399322719,162.63941604260884,56,3,Great stream!,0
3935.562351715846,78.78798698635292,59,0,Too much lag,1
3336.9882339160795,244.20226981805249,53,0,Love this!,1
4100.606961081972,236.84219485462168,69,3,Great stream!,0
3295.9623134892245,185.93362214408933,56,2,Great stream!,0
2480.9377324110733,203.3495358612436,9,2,Love this!,0
2995.956844541298,225.79696088520498,39,1,Too much lag,0
2564.604039487072,121.87270715567287,6,0,Excellent quality,0
3324.243257979346,173.54736613268526,37,3,Excellent quality,0
3509.209189594776,239.71323398109135,84,0,Great stream!,1
4338.218656137641,137.28552884153754,60,4,Love this!,0
3663.463686882081,214.67789660833145,83,0,Great stream!,1
3390.4497355955677,132.17090976882974,2,0,Buffering again,1
3914.7027905917444,223.3214991216763,50,2,Excellent quality,0
2394.432345496057,198.21792588512582,85,3,Not smooth,0
3617.807279054283,119.24340920472453,46,0,Buffering again,1
3885.4325969434835,258.2369677228586,67,2,Great stream!,0
2760.7068771100794,163.27042116009756,91,1,Too much lag,0
4071.8770216034645,159.48737814928097,75,2,Excellent quality,0
3669.248203747207,210.02845986154713,37,2,Not smooth,0
3292.3560430495995,257.43186747143574,35,2,Buffering again,0
3816.3909330531424,149.20890905108016,40,0,Excellent quality,1
4635.346428902198,203.08399249239858,68,0,Love this!,1
3590.9331275292475,221.44082501652863,12,1,Too much lag,1
3624.110293150168,234.6552803631572,86,4,Buffering again,0
3270.319550229878,208.82207776386127,57,4,Love this!,0
3075.077815267604,181.6486080458339,49,4,Great stream!,0
3915.167908272123,158.62048896756403,29,1,Love this!,1
3071.9580870455666,204.30719415231874,61,4,Buffering again,0
3535.7831186096964,146.39304940071966,24,4,Buffering again,0
3261.1712766174414,53.932475825269634,26,2,Great stream!,0
3739.489912873196,221.8279902078834,50,0,Love this!,1
3666.8310526434743,245.19674205430977,77,0,Love this!,1
4018.7699721289496,81.85337822290808,56,2,Great stream!,0
3244.9918005726263,149.5134647645031,46,2,Love this!,0
3365.0625323533145,230.95771305025988,99,2,Excellent quality,0
3010.6181421088463,302.8747734855849,38,0,Great stream!,0
3277.8533699619443,201.0396853837704,15,4,Too much lag,0
3688.650246522426,163.59985293854328,21,2,Buffering again,0
3878.494308322676,190.855177944758,84,1,Too much lag,1
3038.917337911187,268.74382095740924,53,2,Excellent quality,0
3934.8029600528303,167.70179104377323,20,3,Excellent quality,0
4177.818929402475,160.04039966748732,71,2,Not smooth,0
3706.7174516118503,175.86282389089837,15,0,Not smooth,1
4438.397906279033,152.33356958706437,58,2,Not smooth,0
3113.1054004482135,206.13351579973977,30,3,Great stream!,0
2877.6726483442917,281.233922923478,41,1,Love this!,0
2610.639875547861,216.15396365580145,73,4,Excellent quality,0
4248.022155744591,187.38232489368562,31,2,Too much lag,0
3827.182828177029,185.4094365542228,58,3,Too much lag,0
3472.2076645447723,121.84045956516715,33,3,Too much lag,0
3639.98431315991,244.15548885735794,8,1,Too much lag,1
2937.255476350812,196.1081401493599,80,0,Not smooth,0
4722.875989808414,190.97600432046872,10,2,Too much lag,0
3564.6105909876137,359.65537839224305,95,3,Love this!,0
3554.6973973024465,214.93764541828432,9,1,Not smooth,1
3862.883311949346,162.4104474952408,85,4,Too much lag,0
3740.5046158683567,178.68212018972284,16,3,Great stream!,0
3611.9420121395656,257.4222854598377,67,1,Buffering again,0
3104.762772277344,205.66352052688822,47,0,Buffering again,1
3735.734178567998,128.08610108413166,51,0,Buffering again,1
4441.012248237517,245.96144672876017,24,3,Not smooth,0
4172.710023077489,166.5927957230503,20,3,Too much lag,0
4296.593313319699,293.6648888108773,64,2,Excellent quality,0
3244.3921617844076,254.0024032857324,62,1,Excellent quality,0
3005.1975898707096,177.63390521706245,88,3,Excellent quality,0
3437.106539950176,264.0508180867556,50,2,Not smooth,0
3527.862456144347,203.39277552637017,35,2,Love this!,0
4047.0957592354744,242.638683756111,80,3,Great stream!,0
2653.7676851425904,224.23664086472374,87,0,Great stream!,0
4264.775159730307,157.68216725045633,65,1,Buffering again,1
3420.996050710505,167.8225083841269,14,1,Buffering again,1
3286.55946502629,251.49804087905807,95,0,Excellent quality,0
2993.947812369916,183.26123339467296,38,3,Excellent quality,0
2672.5716640671153,179.81757683790016,69,1,Buffering again,0
3911.585291980957,152.24387103253235,0,3,Too much lag,0
3536.658983594202,221.17995327967304,22,3,Love this!,0
2855.019550129473,303.12624596215727,38,2,Love this!,0
2852.460613968192,146.62335428728636,56,0,Love this!,0
3332.1076503549357,201.2109728336379,80,3,Love this!,0
4334.510762644696,270.61102777077144,33,4,Buffering again,0
3370.2043243181975,196.01793043771423,40,0,Great stream!,1
2748.4285234409467,222.6185898124867,92,1,Buffering again,0
3377.128467957028,146.88032359265603,72,2,Love this!,0
3363.638215126165,221.41535486038242,12,1,Buffering again,1
2151.556678529214,190.64278674977257,69,1,Love this!,0
3472.852566741094,249.28649978399315,5,0,Not smooth,1
3384.532734895661,259.3693025782375,83,1,Excellent quality,0
3848.103182406709,329.47818210093067,51,3,Great stream!,0
4424.478047472672,228.9816586606788,2,1,Not smooth,1
4063.2825147738786,216.28981582910833,80,2,Too much lag,0
3365.5556547225847,209.7192150788668,62,2,Buffering again,0
2946.737045629165,182.34168535946557,48,4,Too much lag,0
4786.679901624931,216.92419217308455,75,2,Buffering again,0
3529.6092170072443,185.22992949304853,46,1,Excellent quality,1
3506.9646459564733,208.4230488134807,54,2,Not smooth,0
3487.9374564449986,265.879876780398,63,0,Excellent quality,0
3599.0423803839276,149.67287173601795,64,2,Love this!,0
3427.8197940380287,256.99392805645226,80,3,Excellent quality,0
3213.168996559882,265.85575336699327,66,0,Excellent quality,0
3226.570529379804,194.09657365044606,89,4,Love this!,0
3483.6233648920006,93.90725504957027,14,3,Buffering again,0
3228.2876144331176,169.60890064527837,99,1,Love this!,1
3143.5771086614177,264.84972732805545,31,1,Not smooth,0
3553.2151138459485,198.8565968850559,95,1,Excellent quality,1
3372.511391289572,150.03488838525445,67,3,Love this!,0
4251.996494291344,174.76125393858914,17,3,Excellent quality,0
2174.515095803494,242.03100132522766,82,3,Not smooth,0
4045.7534259612307,227.33667841006897,42,0,Too much lag,1
4123.042596248814,188.05339504151527,34,0,Not smooth,1
2463.3048837959254,181.6587794092656,77,1,Great stream!,0
3328.656202959826,180.4120925478089,57,2,Great stream!,0
3314.279567002104,153.87949077507488,32,1,Great stream!,1
2796.2441526410894,280.76878447347207,13,4,Excellent quality,0
3111.0916562045622,183.883976539433,33,0,Buffering again,1
2944.7120772670855,260.8579260412748,60,3,Buffering again,0
4376.135221711811,276.0658025961226,3,0,Buffering again,0
3967.8391965737305,249.91554490739802,87,3,Excellent quality,0
4135.7775474970795,178.41898436409758,58,4,Not smooth,0
3860.8360320216175,220.18650451683047,28,4,Buffering again,0
2935.4741143913857,198.7902196804542,82,0,Too much lag,0
3237.739866860113,154.8149069634936,5,3,Great stream!,0
3744.687280613959,216.21796408608014,96,4,Not smooth,0
2888.9360955540274,141.04801044200988,48,1,Great stream!,0
3856.499215086194,259.3839694230782,39,1,Buffering again,0
3379.8373009209326,176.76913513508035,82,3,Not smooth,0
3312.5895962252016,210.05798279364197,64,0,Love this!,1
3855.4799841017457,214.1643935773071,68,4,Too much lag,0
3722.13165574302,187.05475131479614,26,0,Buffering again,1
3319.51691709046,229.33469007376374,79,1,Buffering again,1
4079.664901682124,176.25481716887379,5,4,Too much lag,0
2959.4683362000515,243.56486487286222,12,0,Too much lag,0
3807.967803472132,132.70101598766257,63,2,Love this!,0
3796.550628984192,206.3189789773206,61,3,Buffering again,0
3345.226780343005,296.94644995291424,98,3,Excellent quality,0
3663.066511121059,149.98343376972127,18,2,Buffering again,0
2874.4432118073482,166.1127514737574,75,1,Great stream!,0
3962.0135096034505,225.69539248294575,79,4,Not smooth,0
3407.5489317785054,208.9790890969799,42,3,Not smooth,0
3238.63848974048,217.53150496367795,73,2,Great stream!,0
4024.5046129184448,224.45935650738318,88,2,Not smooth,0
3147.8281547286206,231.7360734280885,19,1,Too much lag,1
2795.76935181822,255.48499209781116,94,1,Not smooth,0
2721.685413238048,220.49093284642564,67,0,Not smooth,0
3803.00497567282,187.93711726907287,43,3,Great stream!,0
2859.7853237518584,233.62868506013655,22,0,Love this!,0
4377.397090992183,294.9940967447607,1,2,Not smooth,0
2459.035296058139,193.36831268087133,21,4,Excellent quality,0
4348.228184145019,151.27353476646792,56,4,Not smooth,0
3605.5087336013094,255.35403346434865,71,1,Love this!,0
3451.6434440648036,193.98094180232007,6,4,Great stream!,0
3227.540456595525,91.36652269929819,77,4,Love this!,0
3699.5680571760354,242.37108385752109,55,4,Great stream!,0
3481.182648787576,173.23359070230387,66,2,Too much lag,0
4051.650941008261,195.47333588479196,15,4,Great stream!,0
3557.1138243310197,216.59901652845073,82,4,Too much lag,0
3575.1508807309388,209.52498398895332,50,4,Too much lag,0
3318.193893893072,235.47259085695197,81,0,Great stream!,1
3471.5271881394665,178.22568147150784,79,2,Excellent quality,0
3653.9008844460295,225.65528990880412,71,1,Buffering again,1
2644.915803671687,187.02266612080413,96,0,Great stream!,0
2825.9072889471436,236.94052404437514,11,3,Not smooth,0
3871.6320470113574,230.76837420065266,52,2,Excellent quality,0
3585.432719063971,153.22806489777025,74,2,Excellent quality,0
3408.0083318236602,254.2991058087516,4,3,Not smooth,0
3509.2169665326965,173.2018277442976,26,3,Buffering again,0
3673.7908526808355,240.40288991405725,11,3,Excellent quality,0
3230.1201598453194,218.36436567006703,16,1,Too much lag,1
3110.847637298844,291.9091838397561,5,4,Buffering again,0
3597.922627548841,188.8267008814074,96,2,Not smooth,0
3010.813611192484,182.53416019409013,4,4,Buffering again,0
3704.126377857236,199.02901970561336,56,4,Great stream!,0
2648.7081978810797,184.84101085828624,27,3,Buffering again,0
4014.5778186628218,239.99709509710252,77,1,Too much lag,1
3736.2987412065213,119.1844695781706,68,0,Great stream!,1
3628.0148671569377,147.3158790426823,58,1,Love this!,1
3991.345491972757,146.60985392104035,32,4,Not smooth,0
4332.737222231288,247.51537959867878,61,1,Not smooth,1
4007.1850325090654,285.5306686290963,49,3,Buffering again,0
2579.5628843341774,194.77753907312643,18,0,Excellent quality,0
2860.211516632149,191.55891384049946,85,3,Great stream!,0
3187.5907111521606,203.50260815565906,68,0,Love this!,1
3513.045525105417,258.0939151304095,65,4,Great stream!,0
3758.8295102345614,153.63234329047128,93,0,Not smooth,1
3137.1280934232673,211.91844913673927,46,0,Great stream!,1
3593.383382238539,248.75988148912148,38,0,Love this!,1
3122.3085338233386,225.05470849699225,67,1,Excellent quality,1
3194.241098504026,209.47908082993717,32,1,Buffering again,1
2796.669451575889,250.05230462835706,12,4,Too much lag,0
3038.3833769445478,64.83838535003814,83,0,Great stream!,1
2824.157697191833,233.89376597654538,53,2,Too much lag,0
3012.063373511334,167.2962158436288,6,4,Not smooth,0
4026.82089830392,108.46835515717716,78,0,Buffering again,1
3025.3005555840286,225.56012997624904,86,0,Buffering again,1
4816.191032418696,268.6829272581479,13,1,Great stream!,0
3746.6589504404446,193.1275742686154,86,4,Excellent quality,0
3592.418061847437,247.64372736014693,18,0,Buffering again,1
3070.8211099093933,280.61391289943225,53,0,Great stream!,0
3850.1549397044955,265.74572267920234,92,4,Great stream!,0
3212.181086881113,281.99822646856967,19,2,Too much lag,0
3561.0049073226805,237.1063745535946,28,4,Buffering again,0
4780.042269134397,203.77168194507965,23,4,Great stream!,0
3451.970050137675,119.90170940514157,81,2,Too much lag,0
4074.6366631428377,187.69687559350257,62,4,Love this!,0
3148.4117874370563,157.83767023419043,73,0,Too much lag,1
3482.5057547515194,308.54713587489067,56,4,Too much lag,0
4385.400317817755,191.20570937838318,7,2,Great stream!,0
3186.516471106116,206.1602403392243,89,3,Not smooth,0
4406.224278998465,227.57426880202337,61,4,Not smooth,0
3853.8759677277376,202.1801223186227,28,1,Excellent quality,1
3218.766612052866,284.75255202153767,73,0,Not smooth,0
3816.2038695277606,168.8675319132774,16,0,Too much lag,1
3986.2772248133647,209.73037276186213,65,1,Excellent quality,1
3810.9049811085983,162.87647071509758,5,1,Great stream!,1
2714.887640054772,133.99887443896472,57,4,Buffering again,0
3136.4314120875656,169.41154545473572,68,1,Too much lag,1
3376.240682224248,198.1481601475794,27,3,Too much lag,0
3462.783285449977,178.534888774137,61,2,Excellent quality,0
3810.336048775339,165.3789510063072,40,1,Great stream!,1
3588.8505004666267,129.6841268164083,68,1,Love this!,1
2832.3278206449495,195.84472136856527,81,3,Too much lag,0
3690.0989255029817,124.76398129844989,89,0,Love this!,1
3805.292872641912,238.00279818448013,83,0,Love this!,1
3779.89522396552,204.12198764672516,40,4,Not smooth,0
4040.390362777311,127.12242502675348,48,3,Great stream!,0
3916.9610772744522,184.53954614750683,90,2,Love this!,0
3729.5900396142183,162.39217972047084,48,2,Great stream!,0
3464.9171442706765,215.95872552095904,75,3,Not smooth,0
2669.5195332420044,267.0225223011572,70,2,Great stream!,0
3714.809109566293,106.24137651771277,2,0,Too much lag,1
3603.8438435815556,205.75130395737085,9,2,Love this!,0
3635.7894185976866,191.99336022166798,97,2,Great stream!,0
2861.6257120898454,233.56700382252328,88,3,Buffering again,0
2959.4717297958687,210.65983141188445,34,3,Great stream!,0
4026.576426666452,162.40153341305904,79,2,Love this!,0
3480.2224230716724,184.0473032166691,1,1,Not smooth,1
3840.750348686312,160.19870715982555,23,3,Not smooth,0
3514.1591880652295,253.8003569299299,73,4,Love this!,0
3514.8780697478715,201.06558243359711,37,4,Too much lag,0
3969.141902987999,295.05953428765037,21,0,Too much lag,0
3241.977635891313,196.96695930926896,25,2,Not smooth,0
3548.060388470492,164.57966165447687,42,1,Not smooth,1
3268.8623556474786,124.31428036935864,54,0,Love this!,1
3282.7518862838424,109.84301618720275,38,2,Too much lag,0
3345.4139382656804,120.79320284972552,90,3,Not smooth,0
3611.0668858168565,213.35633255057417,28,4,Too much lag,0
3260.6256891682615,225.4362511614967,19,1,Not smooth,1
4127.87806278676,120.94046489839333,90,4,Great stream!,0
3052.696348890248,244.75191570380576,40,3,Buffering again,0
3406.5641779193206,175.84694741582803,53,2,Excellent quality,0
3280.1344708629126,207.33965059927746,19,3,Great stream!,0
4223.488942176867,280.61103141277124,18,3,Excellent quality,0
3598.277388255787,244.8419657932766,83,4,Not smooth,0
4015.9222697343175,186.57346760470838,98,1,Buffering again,1
2757.219813481514,155.44038872923562,65,3,Buffering again,0
3633.5251329346293,92.40922993353476,29,4,Not smooth,0
3944.8153978117184,164.042334037879,52,1,Not smooth,1
3541.1419946377123,189.4434880586153,33,2,Too much lag,0
4032.7401875326755,150.6410236424408,21,2,Not smooth,0
3241.355774949814,193.43715164538477,66,0,Love this!,1
4204.67372009279,203.8425941479384,5,4,Not smooth,0
4649.449061809625,188.75720090959607,78,1,Love this!,1
3318.5807197801705,167.49987095882702,26,3,Not smooth,0
3277.248739299614,208.43273359833637,9,2,Too much lag,0
4226.6922385588505,222.09703247847045,72,1,Love this!,1
4289.786072865356,145.4800461278577,96,4,Great stream!,0
3238.5699864233657,270.5466189873135,95,0,Love this!,0
3289.906591452071,195.0705933857869,47,2,Too much lag,0
3359.1076955697463,200.94248114724238,69,1,Excellent quality,1
2827.7747444828615,235.41072116282785,58,1,Love this!,0
3040.6740267579007,211.6608065631751,99,1,Not smooth,1
2997.929616623966,247.65683169566225,58,4,Not smooth,0
3116.1012174479356,214.35620826009122,1,4,Excellent quality,0
3482.6575563066094,169.3781312679781,28,4,Too much lag,0
3617.10736626826,218.07517626030508,67,3,Buffering again,0
4275.2502464070385,142.8136896339669,64,1,Not smooth,1
3000.8229796306046,205.42798528882616,82,2,Great stream!,0
3992.161199238292,198.33850046777695,25,4,Too much lag,0
3393.0055778872456,189.594157136373,88,4,Love this!,0
3475.2681451737835,193.57312442805346,9,1,Love this!,1
3837.409746083302,105.90754772511805,52,4,Great stream!,0
2938.638989218851,172.56375461295193,78,3,Not smooth,0
3691.204873092025,204.64224505705573,58,3,Too much lag,0
3583.226104106528,207.99281959987002,21,4,Great stream!,0
3746.225632004074,148.61624295370208,50,1,Not smooth,1
3644.5843219539092,263.28539204323505,47,1,Too much lag,0
4727.650069955447,156.69125758927495,20,1,Love this!,1
3181.130007874342,248.47286002633683,21,0,Too much lag,1
3234.501522499091,221.35971809358423,99,4,Excellent quality,0
3188.429736787618,167.68863450780987,97,1,Buffering again,1
3222.2614404198725,288.7655446304756,29,3,Too much lag,0
3181.306436346741,140.318158412176,24,2,Buffering again,0
4094.508265553776,245.95770868050008,27,2,Too much lag,0
4210.252123994927,250.0291159021489,64,1,Buffering again,0
3214.6268531252617,166.46898954616776,44,2,Excellent quality,0
3083.8222134478856,269.62326500321643,67,2,Love this!,0
3735.707778193202,187.49767427005236,6,0,Not smooth,1
3223.8884778595143,214.43468146399286,48,3,Buffering again,0
3816.4659088777557,213.01609193856103,8,3,Excellent quality,0
3601.46151042565,193.2845629264726,35,0,Buffering again,1
2742.127942501384,240.5404136579891,82,0,Love this!,0
4273.7526006650305,239.67443602761065,0,2,Buffering again,0
4397.938836547761,112.57340133809096,9,4,Excellent quality,0
3193.605654757807,265.21701214390765,35,2,Excellent quality,0
3306.149220032008,116.87540059821629,72,0,Great stream!,1
3642.9326953624527,251.62731021708288,45,3,Love this!,0
3667.2283949935127,256.3352568413792,31,2,Great stream!,0
3829.2721363364153,145.4516784892401,31,4,Love this!,0
4505.102269383175,179.45928560227077,5,2,Buffering again,0
3411.5263862529755,144.7147665757032,47,1,Excellent quality,1
3100.851377730773,189.25394848556323,37,2,Great stream!,0
2810.340385992736,184.59828579071294,16,0,Buffering again,0
3134.5349800290405,238.983026613467,73,3,Excellent quality,0
3483.4365135631015,265.5154373059804,26,3,Love this!,0
4397.278931758894,269.78419053949784,53,0,Excellent quality,0
3241.194350481914,171.8915986710849,49,1,Buffering again,1
3611.893975819449,189.5389063127736,34,0,Great stream!,1
3491.788551963624,115.8280903889525,84,2,Great stream!,0
4094.196636724042,159.70649667519058,24,0,Excellent quality,1
4763.466212936811,248.24258165487288,27,0,Buffering again,1
3234.56561353984,280.7791411774116,14,1,Too much lag,0
3255.280278740889,138.2825564060039,3,2,Love this!,0
4022.080438534536,170.3767870423553,92,4,Love this!,0
3840.9457448131557,198.67971215205364,72,4,Buffering again,0
4423.353662868017,214.0080579409803,26,3,Too much lag,0
3791.964092662982,159.5198240039177,25,0,Great stream!,1
3320.3539546064703,221.20305222320448,18,3,Not smooth,0
3795.327415346155,176.3080326464542,91,1,Not smooth,1
4054.3517902914537,199.27738645608605,16,4,Buffering again,0
3910.241090598682,227.31421240018497,42,0,Too much lag,1
3753.637015553649,200.32111349054688,40,1,Too much lag,1
4033.337344794577,178.18070547367157,41,1,Love this!,1
4084.6477952228365,194.51950980370844,49,0,Great stream!,1
4191.079495518764,195.58185203973323,83,1,Excellent quality,1
3824.3549437948213,181.4994485058936,39,0,Too much lag,1
3416.4409598415727,187.06019686664487,38,0,Excellent quality,1
3573.356843216661,279.9323585252358,22,2,Not smooth,0
4103.254483254178,228.04597239706195,95,3,Excellent quality,0
3091.532164506382,185.22598409854197,51,1,Great stream!,1
3684.3366544364508,234.8477202255368,46,1,Great stream!,1
3303.3305938363196,183.3090255121995,62,2,Excellent quality,0
3514.3724114674087,258.65623187933204,96,2,Buffering again,0
4139.225931303649,218.48210960990468,68,2,Too much lag,0
3595.5495340099515,194.63489279978856,42,4,Buffering again,0
3523.2182740780745,222.38584629051385,47,4,Excellent quality,0
2820.0719295100403,121.45619239657503,33,4,Too much lag,0
3873.1267830136103,143.66162655450972,39,0,Love this!,1
3822.7420905705376,140.30374968004722,74,1,Buffering again,1
4581.6273616527305,207.14715473818535,60,3,Buffering again,0
3346.1108825234996,286.6257499742546,49,0,Excellent quality,0
3609.5751638319693,311.5650073096316,66,1,Not smooth,0
3624.691841855378,231.90255507203787,61,1,Excellent quality,1
4288.726639881737,225.04222374722283,57,2,Buffering again,0
3452.352233806524,109.94711329236306,32,2,Too much lag,0
3639.5107628851697,172.86631001329891,74,0,Not smooth,1
3803.9482548582696,160.61081240458805,15,2,Excellent quality,0
3593.304561578179,168.9576200874442,81,1,Excellent quality,1
3276.7831927247357,191.59280907076052,93,2,Buffering again,0
3597.0449964491536,176.39547111514364,47,4,Buffering again,0
4036.815874929886,101.03500948121061,9,2,Love this!,0
2986.74235029447,237.39551280587668,81,1,Excellent quality,0
3566.484837073438,146.36284871300967,37,0,Buffering again,1
3149.9395925304134,211.9623432055575,18,3,Great stream!,0
4097.523314462422,303.70413348749867,35,2,Not smooth,0
2738.4065476081128,154.03077042067883,58,1,Great stream!,0
3220.539076364206,73.48562386268351,62,3,Not smooth,0
3688.60593753226,185.69978890599447,76,3,Excellent quality,0
4282.76201461717,255.04798174992857,45,4,Love this!,0
3467.124869463506,297.9173727110297,2,3,Buffering again,0
3222.400236653401,138.52252027737916,73,1,Buffering again,1
4440.578534720295,224.83496116182607,64,1,Buffering again,1
2775.993049791878,176.73447716099733,90,2,Excellent quality,0
2400.597021689959,194.7025822847932,7,2,Not smooth,0
3720.007225026666,332.21716735085175,50,2,Buffering again,0
3248.9728878236942,124.85148358024234,80,3,Great stream!,0
2989.383591434643,212.68698307472866,72,3,Buffering again,0
3854.1782236496765,223.38465858827166,5,4,Excellent quality,0
3621.900356885599,254.28931624696736,88,2,Love this!,0
3217.960684631636,204.89915767354478,38,0,Great stream!,1
2859.847800664553,215.40252697520512,59,4,Buffering again,0
3936.2286641400724,180.41757162891045,27,0,Buffering again,1
3825.1005889793305,213.45634706225536,96,3,Too much lag,0
3450.4120681103086,182.84038622512946,53,4,Not smooth,0
4423.318498023833,231.07859449280255,36,4,Great stream!,0
2964.9576168369235,181.5194831978183,8,1,Too much lag,0
2737.2374145376307,218.85501969510932,81,3,Love this!,0
3154.045965059378,198.5368593157511,55,3,Not smooth,0
3477.206991822251,256.3025125386084,58,4,Great stream!,0
3621.6697246613458,197.4303138205757,84,3,Buffering again,0
3379.381971071835,111.34837658965593,1,4,Great stream!,0
3676.0276982571486,263.0960750356996,60,1,Buffering again,0
2874.230287904778,154.71338495686905,57,4,Not smooth,0
4221.88230203663,167.31168306755902,59,3,Buffering again,0
3458.9244108037155,170.2169352978254,39,3,Love this!,0
4058.647915794064,268.7219046585409,35,4,Excellent quality,0
3671.362673188852,93.2162893010652,36,4,Buffering again,0
3728.376609576892,356.8874266829997,78,4,Love this!,0
3784.883640116102,252.8028404533026,91,2,Excellent quality,0
3723.8542800086575,211.16194570645797,17,3,Not smooth,0
3821.361379933772,197.25529996918567,97,3,Not smooth,0
4164.5762650662155,214.27770374288284,62,2,Great stream!,0
3598.260584850735,226.05612141896694,21,4,Love this!,0
3854.5018787942563,232.26077929750286,10,1,Love this!,1
3455.1321528563867,227.78022330017242,57,4,Too much lag,0
4220.058607724736,204.47903406276245,56,4,Too much lag,0
3161.803848970365,190.1330789846337,76,2,Excellent quality,0
4400.470216455408,192.43633581732442,3,3,Excellent quality,0
3479.9210246778284,190.25458598236594,85,4,Too much lag,0
2784.612448940976,256.6885048433532,6,3,Excellent quality,0
3564.0522074553946,229.6778361140431,60,0,Buffering again,1
3159.4741712625596,52.98056826678599,53,3,Too much lag,0
3920.321774494362,232.79503882648805,87,1,Love this!,1
3173.6880103488043,209.73680973593875,67,1,Buffering again,1
3276.90828339261,199.06456217770514,91,4,Excellent quality,0
2555.2296345272343,180.5740773455557,78,3,Not smooth,0
3273.846840375462,256.2056359993007,0,4,Great stream!,0
2288.0603366855216,247.3763231061429,54,2,Too much lag,0
2708.0485882571384,161.35611660881955,2,1,Not smooth,0
3880.207328072149,220.35261435622675,77,4,Excellent quality,0
3892.9000793254163,151.4171632729357,37,2,Love this!,0
3712.7287808924825,131.0190917605535,0,4,Great stream!,0
3016.5119284353937,168.66413877050175,37,3,Not smooth,0
3476.14432192901,243.11967361913793,84,3,Great stream!,0
3498.1987304547156,247.65625226880434,28,3,Too much lag,0
2920.8176554037286,225.65427100486465,4,3,Excellent quality,0
4251.699150883575,236.25478934239985,73,0,Love this!,1
3938.6811452878355,225.80891435574793,91,2,Excellent quality,0
3389.517913085168,167.9259202388524,20,2,Great stream!,0
3513.4429194972654,221.59612723369702,70,3,Not smooth,0
3604.1914039737762,240.02047626138412,66,0,Too much lag,1
2479.1325657878547,237.71456649067872,46,3,Too much lag,0
3376.4113087397013,259.4456685737321,83,0,Excellent quality,0
3159.0078760011006,235.4151923600532,82,3,Not smooth,0
2999.189995052542,217.57241037707914,34,1,Not smooth,0
3359.4498535570224,253.50751191582137,67,1,Great stream!,0
4398.843263424761,198.673937037547,68,4,Excellent quality,0
3820.4214306335048,155.9062674386141,0,3,Excellent quality,0
3214.4105051086017,191.8466518028118,67,2,Buffering again,0
3786.291390678079,162.75486775967755,11,4,Excellent quality,0
